,City,Lat,Lng,Max Temp,Humidity,Cloudiness,Wind Speed,Country,Date
0,Hvide Sande,56.0045,8.1294,40.08,71,51,13.13,DK,2022-04-28 00:20:09
1,New Norfolk,-42.7826,147.0587,63.91,86,94,1.99,AU,2022-04-28 00:20:32
2,Hobart,-42.8794,147.3294,64.26,89,75,6.91,AU,2022-04-28 00:15:03
3,New Norfolk,-42.7826,147.0587,63.91,86,94,1.99,AU,2022-04-28 00:20:32
4,Hobart,-42.8794,147.3294,64.26,89,75,6.91,AU,2022-04-28 00:15:03
5,Punta Arenas,-53.15,-70.9167,33.91,60,20,11.5,CL,2022-04-28 00:15:29
6,Dikson,73.5069,80.5464,17.56,90,86,20.0,RU,2022-04-28 00:15:33
7,Avera,33.194,-82.5271,69.31,45,0,7.09,US,2022-04-28 00:21:06
8,Ostrovnoy,68.0531,39.5131,20.95,79,89,28.05,RU,2022-04-28 00:21:06
9,Bengkulu,-3.8004,102.2655,76.6,90,86,3.6,ID,2022-04-28 00:17:13
10,Qiongshan,20.0058,110.3542,82.38,83,0,8.95,CN,2022-04-28 00:21:06
11,Albany,42.6001,-73.9662,40.23,53,38,8.01,US,2022-04-28 00:13:53
12,Saldanha,-33.0117,17.9442,51.85,78,1,14.14,ZA,2022-04-28 00:21:07
13,Rikitea,-23.1203,-134.9692,77.27,68,13,23.67,PF,2022-04-28 00:15:23
14,Ribeira Grande,38.5167,-28.7,64.2,94,95,30.69,PT,2022-04-28 00:21:08
15,Los Llanos De Aridane,28.6585,-17.9182,60.55,83,40,9.22,ES,2022-04-28 00:17:00
16,Butaritari,3.0707,172.7902,81.34,81,27,16.26,KI,2022-04-28 00:17:12
17,Qaanaaq,77.484,-69.3632,16.48,72,86,7.0,GL,2022-04-28 00:16:14
18,Pangnirtung,66.1451,-65.7125,3.56,79,78,8.46,CA,2022-04-28 00:21:09
19,Busselton,-33.65,115.3333,59.58,75,89,12.3,AU,2022-04-28 00:15:19
20,Noumea,-22.2763,166.4572,80.58,99,100,14.27,NC,2022-04-28 00:21:09
21,Usinsk,65.9939,57.5281,19.51,87,72,8.03,RU,2022-04-28 00:21:10
22,Kenitra,34.261,-6.5802,50.76,85,66,4.29,MA,2022-04-28 00:16:35
23,Hermanus,-34.4187,19.2345,58.51,73,2,6.44,ZA,2022-04-28 00:15:27
24,Kahului,20.8947,-156.47,84.22,64,40,18.41,US,2022-04-28 00:21:10
25,Dudinka,69.4058,86.1778,33.62,99,100,11.32,RU,2022-04-28 00:21:10
26,Cape Town,-33.9258,18.4232,59.92,86,4,15.01,ZA,2022-04-28 00:12:36
27,Puerto Escondido,15.85,-97.0667,86.83,66,75,0.0,MX,2022-04-28 00:21:11
28,Kikwit,-5.041,18.8162,69.1,96,83,2.77,CD,2022-04-28 00:21:11
29,Vaini,-21.2,-175.2,82.56,54,20,10.36,TO,2022-04-28 00:17:08
30,Lagoa,39.05,-27.9833,62.73,92,100,33.02,PT,2022-04-28 00:21:12
31,Sabha,27.0377,14.4283,80.2,8,1,10.65,LY,2022-04-28 00:21:12
32,Coihaique,-45.5752,-72.0662,30.81,93,20,0.0,CL,2022-04-28 00:17:47
33,Rio Grande,-32.035,-52.0986,62.94,90,91,5.77,BR,2022-04-28 00:21:13
34,Mar Del Plata,-38.0023,-57.5575,56.88,61,0,14.97,AR,2022-04-28 00:15:25
35,Puerto Ayora,-0.7393,-90.3518,72.84,87,14,6.8,EC,2022-04-28 00:15:26
36,Hithadhoo,-0.6,73.0833,83.12,75,100,7.05,MV,2022-04-28 00:15:19
37,Upernavik,72.7868,-56.1549,32.16,79,100,6.04,GL,2022-04-28 00:21:13
38,Lumeje,-11.55,20.7833,66.65,72,94,4.7,AO,2022-04-28 00:21:14
39,Hilo,19.7297,-155.09,86.29,78,100,1.99,US,2022-04-28 00:17:13
40,Broken Hill,-31.95,141.4333,62.31,82,98,6.91,AU,2022-04-28 00:21:14
41,Saint-Georges,12.0564,-61.7485,78.48,83,40,0.0,GD,2022-04-28 00:19:09
42,Bethel,41.3712,-73.414,46.49,54,100,16.11,US,2022-04-28 00:21:15
43,Shitanjing,39.2342,106.3439,44.26,59,1,3.13,CN,2022-04-28 00:21:15
44,Ushuaia,-54.8,-68.3,30.49,95,99,6.24,AR,2022-04-28 00:11:28
45,Hasaki,35.7333,140.8333,61.2,55,100,18.81,JP,2022-04-28 00:21:16
46,Bolbosi,44.75,23.2167,53.83,93,65,3.15,RO,2022-04-28 00:21:16
47,Khatanga,71.9667,102.5,22.15,85,100,15.77,RU,2022-04-28 00:22:16
48,Dmitrovsk-Orlovskiy,52.505,35.1464,39.67,89,63,5.59,RU,2022-04-28 00:22:17
49,Canora,51.6333,-102.4343,39.22,68,93,14.03,CA,2022-04-28 00:22:17
50,Mataura,-46.1927,168.8643,54.48,73,51,1.34,NZ,2022-04-28 00:17:15
51,Bilma,18.6853,12.9164,86.94,10,0,5.08,NE,2022-04-28 00:22:17
52,Paita,-5.0892,-81.1144,70.32,77,11,16.64,PE,2022-04-28 00:22:18
53,Hobyo,5.3505,48.5268,83.08,76,75,8.7,SO,2022-04-28 00:22:18
54,Bluff,-46.6,168.3333,54.81,69,95,6.91,NZ,2022-04-28 00:17:05
55,Saint-Louis,16.3333,-15.0,83.84,19,2,10.38,SN,2022-04-28 00:22:19
56,Lavrentiya,65.5833,-171.0,27.79,79,42,3.04,RU,2022-04-28 00:22:19
57,Touros,-5.1989,-35.4608,78.98,83,98,10.67,BR,2022-04-28 00:22:19
58,Saint George,37.1041,-113.5841,86.63,9,0,12.66,US,2022-04-28 00:20:25
59,Norman Wells,65.282,-126.8329,35.64,60,100,5.75,CA,2022-04-28 00:17:41
60,San Carlos De Bariloche,-41.1456,-71.3082,31.75,100,100,8.05,AR,2022-04-28 00:18:49
61,Salalah,17.0151,54.0924,82.49,78,20,2.3,OM,2022-04-28 00:22:20
62,Lebu,-37.6167,-73.65,50.22,75,13,2.39,CL,2022-04-28 00:15:27
63,Qaqortoq,60.7167,-46.0333,38.97,90,100,4.68,GL,2022-04-28 00:22:20
64,Bosaso,11.2842,49.1816,82.22,70,4,3.91,SO,2022-04-28 00:22:21
65,Jamestown,42.097,-79.2353,31.59,75,100,13.8,US,2022-04-28 00:18:02
66,Atuona,-9.8,-139.0333,79.07,75,20,21.32,PF,2022-04-28 00:17:05
67,Huarmey,-10.0681,-78.1522,67.64,86,42,7.27,PE,2022-04-28 00:22:22
68,Duma,34.7653,108.135,47.55,75,100,2.59,CN,2022-04-28 00:22:22
69,Castro,-24.7911,-50.0119,64.92,83,62,4.21,BR,2022-04-28 00:22:22
70,Tautira,-17.7333,-149.15,80.2,77,48,21.68,PF,2022-04-28 00:22:23
71,Nandyal,15.4833,78.4833,84.09,48,6,2.64,IN,2022-04-28 00:22:23
72,Ruza,55.699,36.1952,29.82,89,37,3.0,RU,2022-04-28 00:22:23
73,Wasilla,61.5814,-149.4394,58.55,38,0,8.05,US,2022-04-28 00:22:24
74,Khuzhir,53.1939,107.3397,32.32,69,10,11.92,RU,2022-04-28 00:22:24
75,Port Alfred,-33.5906,26.891,59.9,78,0,7.67,ZA,2022-04-28 00:15:15
76,Bredasdorp,-34.5322,20.0403,54.91,88,1,1.63,ZA,2022-04-28 00:22:25
77,Nogliki,51.8333,143.1667,29.28,87,100,34.14,RU,2022-04-28 00:22:25
78,Goderich,43.7501,-81.7165,34.92,69,100,8.05,CA,2022-04-28 00:22:25
79,Yar-Sale,66.8333,70.8333,12.78,83,50,7.25,RU,2022-04-28 00:22:26
80,Haines Junction,60.7522,-137.5108,48.15,57,99,5.75,CA,2022-04-28 00:22:26
81,Gympie,-26.1898,152.665,72.18,89,83,6.89,AU,2022-04-28 00:22:26
82,Naze,28.3667,129.4833,72.52,88,99,7.76,JP,2022-04-28 00:22:27
83,Port Lincoln,-34.7333,135.8667,72.48,48,95,14.76,AU,2022-04-28 00:22:27
84,Bima,-8.4667,118.7167,79.86,76,78,1.07,ID,2022-04-28 00:22:28
85,Cabo San Lucas,22.8909,-109.9124,90.7,15,0,21.85,MX,2022-04-28 00:18:55
86,Basco,20.4487,121.9702,82.26,82,48,16.17,PH,2022-04-28 00:22:28
87,Kruisfontein,-34.0033,24.7314,56.44,45,4,7.14,ZA,2022-04-28 00:22:29
88,Bereda,43.2686,-7.5406,49.57,100,96,1.68,ES,2022-04-28 00:22:29
89,Amli,20.2833,73.0167,83.37,42,36,1.74,IN,2022-04-28 00:22:29
90,Valparaiso,-33.0393,-71.6273,58.64,67,0,6.91,CL,2022-04-28 00:22:30
91,Mangan,27.5167,88.5333,66.88,66,12,5.41,IN,2022-04-28 00:22:30
92,Fatehpur Sikri,27.1,77.6667,86.68,13,0,4.79,IN,2022-04-28 00:22:30
93,Isangel,-19.55,169.2667,79.25,74,100,15.64,VU,2022-04-28 00:23:31
94,Luderitz,-26.6481,15.1594,63.93,57,0,6.55,NA,2022-04-28 00:23:31
95,La Ronge,55.1001,-105.2842,44.82,52,75,12.66,CA,2022-04-28 00:23:32
96,Swan Hill,-35.3378,143.5544,66.31,76,100,8.63,AU,2022-04-28 00:23:32
97,San Jeronimo,-11.9472,-75.2829,49.96,84,92,6.46,PE,2022-04-28 00:23:32
98,Dalfsen,52.5,6.25,43.18,86,10,6.22,NL,2022-04-28 00:23:33
99,Port-Cartier,50.0334,-66.8654,39.42,89,100,9.13,CA,2022-04-28 00:23:33
100,Leningradskiy,69.3833,178.4167,26.89,88,100,11.01,RU,2022-04-28 00:23:33
101,Pacific Grove,36.6177,-121.9166,67.55,69,20,11.5,US,2022-04-28 00:23:34
102,Lompoc,34.6391,-120.4579,69.57,69,0,28.99,US,2022-04-28 00:23:34
103,Gizo,-8.103,156.8419,84.42,71,86,6.42,SB,2022-04-28 00:23:35
104,Barrow,71.2906,-156.7887,6.82,78,100,11.5,US,2022-04-28 00:21:58
105,Port Elizabeth,-33.918,25.5701,53.89,100,0,4.61,ZA,2022-04-28 00:23:35
106,Avarua,-21.2078,-159.775,84.25,79,20,11.5,CK,2022-04-28 00:23:35
107,Nanortalik,60.1432,-45.2371,39.09,90,100,8.81,GL,2022-04-28 00:23:36
108,Huicungo,-7.2833,-76.8,72.66,97,98,1.5,PE,2022-04-28 00:23:36
109,Ilam,26.9167,87.9167,65.52,70,11,4.72,NP,2022-04-28 00:23:36
110,Kaitangata,-46.2817,169.8464,55.83,65,13,4.38,NZ,2022-04-28 00:23:37
111,Egvekinot,66.3167,-179.1667,28.35,84,88,1.92,RU,2022-04-28 00:23:37
112,Kavaratti,10.5669,72.642,84.85,76,37,4.63,IN,2022-04-28 00:23:37
113,Cidreira,-30.1811,-50.2056,71.2,95,5,8.95,BR,2022-04-28 00:23:38
114,Kirakira,-10.4544,161.9205,83.91,77,79,7.29,SB,2022-04-28 00:23:38
115,Skegness,53.1436,0.3363,47.57,74,96,10.8,GB,2022-04-28 00:23:39
116,Kapaa,22.0752,-159.319,80.58,88,100,5.75,US,2022-04-28 00:23:39
117,Taicheng,38.731,113.228,37.9,89,100,2.44,CN,2022-04-28 00:23:39
118,Lulea,65.5842,22.1547,28.47,59,28,5.75,SE,2022-04-28 00:23:40
119,Saint-Philippe,-21.3585,55.7679,72.21,78,36,2.42,RE,2022-04-28 00:23:40
120,Abnub,27.2696,31.1511,74.86,20,0,5.97,EG,2022-04-28 00:23:40
121,Iida,35.5197,137.8207,58.78,61,100,1.57,JP,2022-04-28 00:23:41
122,Chokurdakh,70.6333,147.9167,14.76,92,99,7.72,RU,2022-04-28 00:23:41
123,Waitati,-45.75,170.5667,58.8,55,0,1.16,NZ,2022-04-28 00:23:41
124,Sorland,67.667,12.6934,35.55,60,100,21.52,NO,2022-04-28 00:23:42
125,Lastoursville,-0.8143,12.7287,72.23,94,48,1.43,GA,2022-04-28 00:23:42
126,Homagama,6.844,80.0024,76.95,93,22,4.16,LK,2022-04-28 00:23:42
127,Tuatapere,-46.1333,167.6833,55.72,68,50,1.16,NZ,2022-04-28 00:23:43
128,Waddan,29.1614,16.139,78.85,15,0,28.07,LY,2022-04-28 00:23:43
129,Wiarton,44.7407,-81.1332,34.97,64,75,9.22,CA,2022-04-28 00:23:44
130,Georgetown,5.4112,100.3354,84.13,93,20,3.44,MY,2022-04-28 00:20:09
131,Baringo,0.4667,35.9667,69.15,79,100,5.41,KE,2022-04-28 00:23:44
132,Port Blair,11.6667,92.75,80.64,94,40,2.3,IN,2022-04-28 00:23:44
133,Kropotkin,45.4375,40.5756,55.78,79,68,2.01,RU,2022-04-28 00:23:45
134,Puerto Colombia,10.9878,-74.9547,80.69,83,100,24.54,CO,2022-04-28 00:23:45
135,Tiksi,71.6872,128.8694,7.07,93,99,0.51,RU,2022-04-28 00:24:46
136,Shimoda,34.6667,138.95,61.16,72,100,20.87,JP,2022-04-28 00:24:46
137,Marshall,34.3834,-86.3333,69.78,47,0,3.44,US,2022-04-28 00:24:35
138,Rawatbhata,24.9333,75.5833,84.11,19,3,7.87,IN,2022-04-28 00:24:46
139,Paamiut,61.994,-49.6678,34.03,98,100,20.33,GL,2022-04-28 00:24:47
140,Yulara,-25.2406,130.9889,73.24,35,100,4.61,AU,2022-04-28 00:24:47
141,Victoria,22.2855,114.1577,84.96,84,12,11.01,HK,2022-04-28 00:22:35
142,Leh,34.1667,77.5833,40.15,56,0,4.16,IN,2022-04-28 00:19:59
143,Kodiak,57.79,-152.4072,44.11,81,0,5.75,US,2022-04-28 00:24:48
144,Yellowknife,62.456,-114.3525,50.56,43,75,10.36,CA,2022-04-28 00:24:48
145,Wadena,46.4425,-95.1361,47.95,36,0,9.22,US,2022-04-28 00:24:48
146,Grindavik,63.8424,-22.4338,44.55,87,75,2.3,IS,2022-04-28 00:24:49
147,Aklavik,68.2191,-135.0107,20.61,81,100,9.84,CA,2022-04-28 00:24:49
148,Khash,28.2211,61.2158,68.97,36,66,3.44,IR,2022-04-28 00:24:49
149,Tual,-5.6667,132.75,84.99,72,98,12.91,ID,2022-04-28 00:24:50
150,Tuktoyaktuk,69.4541,-133.0374,10.4,85,100,6.91,CA,2022-04-28 00:24:50
151,Pisco,-13.7,-76.2167,67.01,88,0,10.36,PE,2022-04-28 00:24:50
152,Cayenne,4.9333,-52.3333,82.09,1,20,0.0,GF,2022-04-28 00:24:51
153,Svetlaya,46.5389,138.3297,44.4,42,0,7.76,RU,2022-04-28 00:24:51
154,Kisarazu,35.3747,139.9225,62.73,52,100,14.0,JP,2022-04-28 00:24:51
155,Maturin,9.75,-63.1767,76.06,89,100,6.17,VE,2022-04-28 00:22:07
156,Sandnessjoen,66.0217,12.6316,33.66,82,100,1.01,NO,2022-04-28 00:24:52
157,Geraldton,-28.7667,114.6,59.41,94,22,9.22,AU,2022-04-28 00:23:33
158,Torbay,47.6666,-52.7314,36.75,93,75,4.61,CA,2022-04-28 00:24:52
159,Batticaloa,7.7102,81.6924,79.79,81,2,6.44,LK,2022-04-28 00:24:53
160,Saskylakh,71.9167,114.0833,8.42,97,92,4.81,RU,2022-04-28 00:24:53
161,Mount Gambier,-37.8333,140.7667,64.31,82,75,11.5,AU,2022-04-28 00:24:53
162,Sao Filipe,14.8961,-24.4956,72.37,69,5,13.24,CV,2022-04-28 00:24:54
163,Petropavl,54.8753,69.1628,57.09,73,99,11.88,KZ,2022-04-28 00:24:54
164,Rio Gallegos,-51.6226,-69.2181,35.65,64,20,18.41,AR,2022-04-28 00:24:54
165,Magdalena,14.1999,121.429,85.35,66,99,7.67,PH,2022-04-28 00:24:55
166,Kupang,-10.1667,123.5833,79.57,75,62,1.99,ID,2022-04-28 00:24:55
167,Longyearbyen,78.2186,15.6401,1.24,60,75,5.75,SJ,2022-04-28 00:24:55
168,Siguiri,11.6667,-9.5,85.95,37,8,4.72,GN,2022-04-28 00:24:56
169,Blackwater,-23.5833,148.8833,75.97,61,5,12.73,AU,2022-04-28 00:21:31
170,Awjilah,29.1081,21.2869,79.36,15,99,17.87,LY,2022-04-28 00:24:56
171,Sibolga,1.7427,98.7792,78.31,89,100,1.99,ID,2022-04-28 00:24:57
172,Airai,-8.9266,125.4092,68.11,73,75,1.66,TL,2022-04-28 00:23:16
173,Tasiilaq,65.6145,-37.6368,32.16,86,79,5.86,GL,2022-04-28 00:24:57
174,Petropavlovsk-Kamchatskiy,53.0452,158.6483,36.19,81,100,11.18,RU,2022-04-28 00:24:57
175,Klaksvik,62.2266,-6.589,43.72,70,96,5.35,FO,2022-04-28 00:24:58
176,Policoro,40.2115,16.6726,55.06,76,7,9.24,IT,2022-04-28 00:24:58
177,Rio Claro,-22.4114,-47.5614,70.81,67,34,4.18,BR,2022-04-28 00:21:15
178,Martapura,-3.4167,114.85,80.69,89,69,4.61,ID,2022-04-28 00:24:59
179,Bhim Tal,29.35,79.5667,64.42,23,0,4.97,IN,2022-04-28 00:24:59
180,Kaeo,-35.1,173.7833,65.32,87,83,6.78,NZ,2022-04-28 00:24:59
181,Evensk,61.95,159.2333,34.7,93,97,20.96,RU,2022-04-28 00:25:00
182,Shunyi,40.125,116.6453,48.15,81,100,4.47,CN,2022-04-28 00:25:00
183,San Quintin,30.4833,-115.95,63.05,69,0,14.88,MX,2022-04-28 00:26:00
184,San Patricio,28.017,-97.5169,78.89,69,59,14.56,US,2022-04-28 00:26:01
185,Buala,-8.145,159.5921,85.84,66,53,4.94,SB,2022-04-28 00:26:01
186,Yashkul,46.1711,45.3435,60.44,61,44,4.68,RU,2022-04-28 00:26:01
187,Termoli,41.9888,14.9895,56.79,85,56,9.62,IT,2022-04-28 00:26:02
188,Priekule,56.4468,21.5897,27.72,62,45,3.67,LV,2022-04-28 00:26:02
189,Chuy,-33.6971,-53.4616,57.83,89,70,5.46,UY,2022-04-28 00:26:03
190,Vardo,70.3705,31.1107,23.61,78,97,16.31,NO,2022-04-28 00:26:03
191,Tanza,14.6753,120.9389,86.18,69,95,4.0,PH,2022-04-28 00:26:04
192,Milton,34.1322,-84.3007,70.72,42,1,1.99,US,2022-04-28 00:24:28
193,Eureka,40.8021,-124.1637,60.67,71,85,10.0,US,2022-04-28 00:26:04
194,East London,-33.0153,27.9116,59.52,79,0,8.55,ZA,2022-04-28 00:26:04
195,Saint-Pierre,-21.3393,55.4781,72.28,61,0,8.05,RE,2022-04-28 00:26:05
196,Gat,31.61,34.7642,70.39,100,1,2.33,IL,2022-04-28 00:26:05
197,Lusambo,-4.9667,23.45,67.24,99,94,1.59,CD,2022-04-28 00:26:05
198,Sebu,6.22,124.6936,70.63,83,100,2.39,PH,2022-04-28 00:26:06
199,Kloulklubed,7.0419,134.2556,81.1,79,96,19.37,PW,2022-04-28 00:26:06
200,Eydhafushi,5.1033,73.0708,84.49,70,45,5.46,MV,2022-04-28 00:26:06
201,Severo-Kurilsk,50.6789,156.125,34.14,81,31,23.94,RU,2022-04-28 00:26:07
202,Lungi,9.2212,-12.6831,79.34,81,49,4.5,SL,2022-04-28 00:26:07
203,Agadir,30.4202,-9.5982,61.25,75,0,1.28,MA,2022-04-28 00:26:08
204,Henties Bay,-22.116,14.2845,62.85,73,1,5.37,NA,2022-04-28 00:26:08
205,Nabire,-3.3667,135.4833,81.68,77,92,1.12,ID,2022-04-28 00:26:08
206,Melfi,40.9965,15.6514,51.49,87,15,3.4,IT,2022-04-28 00:26:09
207,Fort Nelson,58.8053,-122.7002,33.39,93,100,10.36,CA,2022-04-28 00:26:09
208,Victor Harbor,-35.5667,138.6167,70.68,87,98,10.36,AU,2022-04-28 00:26:10
209,Guerrero Negro,27.9769,-114.0611,66.47,62,0,18.28,MX,2022-04-28 00:26:10
210,Mahebourg,-20.4081,57.7,73.26,94,20,5.75,MU,2022-04-28 00:26:10
211,Katsuura,35.1333,140.3,59.31,53,100,21.5,JP,2022-04-28 00:26:11
212,Nambucca Heads,-30.65,153.0,72.18,78,35,3.22,AU,2022-04-28 00:26:11
213,Batemans Bay,-35.7167,150.1833,67.1,75,38,4.74,AU,2022-04-28 00:26:11
214,Zolotukhino,52.0842,36.3772,42.87,89,38,6.38,RU,2022-04-28 00:26:12
215,Alice Springs,-23.7,133.8833,78.35,34,9,12.66,AU,2022-04-28 00:24:28
216,Clyde River,70.4692,-68.5914,3.43,72,0,9.22,CA,2022-04-28 00:26:12
217,Amuntai,-2.4177,115.2494,78.39,89,93,1.19,ID,2022-04-28 00:26:13
218,Lufkin,31.3382,-94.7291,78.71,45,0,4.61,US,2022-04-28 00:23:59
219,Mehamn,71.0357,27.8492,22.08,72,100,21.14,NO,2022-04-28 00:26:13
220,Morant Bay,17.8815,-76.4093,78.42,83,36,8.43,JM,2022-04-28 00:26:14
221,Esfahan,32.6572,51.6776,53.24,40,51,4.12,IR,2022-04-28 00:26:14
222,Mayo,38.8876,-76.5119,53.96,45,0,16.11,US,2022-04-28 00:26:14
223,Gold Coast,-28.0,153.4333,77.07,86,40,12.66,AU,2022-04-28 00:25:23
224,Byron Bay,-28.65,153.6167,75.09,80,34,9.13,AU,2022-04-28 00:23:40
225,Acarau,-2.8856,-40.12,77.7,87,99,7.83,BR,2022-04-28 00:26:15
226,Port Hedland,-20.3167,118.5667,80.65,61,100,4.61,AU,2022-04-28 00:26:15
227,Taoudenni,22.6783,-3.9836,81.28,14,0,8.1,ML,2022-04-28 00:26:16
228,Arraial Do Cabo,-22.9661,-42.0278,76.96,78,0,10.36,BR,2022-04-28 00:22:32
229,Denpasar,-8.65,115.2167,82.06,74,40,5.75,ID,2022-04-28 00:27:16
230,Vao,-22.6667,167.4833,75.51,68,99,21.85,NC,2022-04-28 00:27:16
231,Kerema,-7.9631,145.7785,83.3,73,70,1.5,PG,2022-04-28 00:27:17
232,Iqaluit,63.7506,-68.5145,13.73,72,75,24.16,CA,2022-04-28 00:27:17
233,Sandakan,5.8402,118.1179,78.48,94,20,1.14,MY,2022-04-28 00:27:17
234,Cherskiy,68.75,161.3,31.01,100,100,3.33,RU,2022-04-28 00:27:18
235,Bambous Virieux,-20.3428,57.7575,73.22,94,20,5.75,MU,2022-04-28 00:27:18
236,Malakal,9.5334,31.6605,86.68,46,63,8.46,SS,2022-04-28 00:27:19
237,Merauke,-8.4667,140.3333,82.53,77,50,8.23,ID,2022-04-28 00:25:07
238,Rawson,-43.3002,-65.1023,45.43,60,100,18.52,AR,2022-04-28 00:27:19
239,Srednekolymsk,67.45,153.6833,22.71,87,100,5.03,RU,2022-04-28 00:27:19
240,Kutum,14.2,24.6667,78.06,13,28,6.2,SD,2022-04-28 00:27:20
241,Vila Franca Do Campo,37.7167,-25.4333,67.19,94,100,18.66,PT,2022-04-28 00:25:43
242,Provideniya,64.3833,-173.3,30.36,80,0,2.24,RU,2022-04-28 00:27:20
243,Novoomskiy,54.8415,73.3017,51.82,46,0,4.47,RU,2022-04-28 00:27:21
244,Petrovice U Karvine,49.8959,18.5478,45.52,92,20,3.0,CZ,2022-04-28 00:27:21
245,San Cristobal,7.7669,-72.225,71.78,99,99,1.48,VE,2022-04-28 00:27:22
246,Esperance,-33.8667,121.9,57.04,72,72,18.79,AU,2022-04-28 00:27:22
247,Omboue,-1.5746,9.2618,75.72,92,98,4.03,GA,2022-04-28 00:27:22
248,Pevek,69.7008,170.3133,34.84,78,100,16.93,RU,2022-04-28 00:27:23
249,Yatou,37.15,122.3833,56.55,42,41,6.04,CN,2022-04-28 00:27:23
250,Qasigiannguit,68.8193,-51.1922,32.25,73,100,16.44,GL,2022-04-28 00:27:23
251,Pogar,52.554,33.2591,39.45,84,13,4.63,RU,2022-04-28 00:27:24
252,Sitka,57.0531,-135.33,48.09,61,0,8.05,US,2022-04-28 00:27:24
253,Villa Bruzual,9.3328,-69.1208,76.1,84,100,2.37,VE,2022-04-28 00:27:24
254,Vanavara,60.34,102.2797,32.67,77,68,4.23,RU,2022-04-28 00:27:25
255,Necochea,-38.5473,-58.7368,55.76,49,0,18.86,AR,2022-04-28 00:23:02
256,Lazaro Cardenas,17.9583,-102.2,83.53,53,0,10.78,MX,2022-04-28 00:27:25
257,Chabahar,25.2919,60.643,83.66,74,99,12.17,IR,2022-04-28 00:27:25
258,Ilebo,-4.3167,20.5833,69.42,100,94,1.99,CD,2022-04-28 00:27:26
259,Thompson,55.7435,-97.8558,46.56,25,20,6.91,CA,2022-04-28 00:27:26
260,Dingle,10.9995,122.6711,81.93,81,99,9.66,PH,2022-04-28 00:27:27
261,Katangli,51.7102,143.2326,29.19,86,100,33.26,RU,2022-04-28 00:27:27
262,Tubmanburg,6.8708,-10.8172,76.15,95,73,1.45,LR,2022-04-28 00:27:27
263,Korla,41.7597,86.1469,49.5,73,100,21.34,CN,2022-04-28 00:27:28
264,Baykit,61.67,96.37,31.82,82,100,3.18,RU,2022-04-28 00:27:28
265,Zhigansk,66.7697,123.3711,17.15,88,41,11.72,RU,2022-04-28 00:24:57
266,Port Macquarie,-31.4333,152.9167,70.2,83,87,8.32,AU,2022-04-28 00:27:28
267,Shinjo,38.7586,140.3008,56.28,43,3,2.51,JP,2022-04-28 00:27:29
268,Isilkul,54.9109,71.2728,58.62,50,84,12.97,RU,2022-04-28 00:27:29
269,Ponta Do Sol,32.6667,-17.1,61.72,77,27,4.59,PT,2022-04-28 00:27:29
270,Anadyr,64.75,177.4833,32.5,86,75,17.9,RU,2022-04-28 00:27:30
271,Ayan,56.45,138.1667,34.63,63,100,15.68,RU,2022-04-28 00:27:30
272,Mastung,29.7994,66.845,69.31,20,86,3.2,PK,2022-04-28 00:27:30
273,Nikolskoye,59.7035,30.7861,31.87,80,43,3.62,RU,2022-04-28 00:27:31
274,Tubuala,9.5167,-79.0333,76.57,93,100,11.99,PA,2022-04-28 00:27:31
275,Ponta Delgada,37.7333,-25.6667,67.5,94,75,17.27,PT,2022-04-28 00:27:31
276,San Ramon,37.7799,-121.978,71.49,51,0,16.11,US,2022-04-28 00:24:05
277,Buenos Aires,-34.6132,-58.3772,60.69,73,0,1.5,AR,2022-04-28 00:24:27
278,Frederico Westphalen,-27.3592,-53.3944,69.93,86,74,4.34,BR,2022-04-28 00:24:16
279,Raahe,64.6833,24.4833,28.49,85,36,7.25,FI,2022-04-28 00:28:32
280,Teya,60.3778,92.6267,34.16,95,100,3.94,RU,2022-04-28 00:28:33
281,Carnarvon,-24.8667,113.6333,64.47,82,8,9.22,AU,2022-04-28 00:28:33
282,Mareeba,-17.0,145.4333,80.47,74,53,4.83,AU,2022-04-28 00:28:33
283,Alto Araguaia,-17.3147,-53.2153,70.99,61,26,4.21,BR,2022-04-28 00:28:34
284,Rostovka,55.3842,71.8891,56.71,56,79,12.48,RU,2022-04-28 00:28:34
285,Alenquer,-1.9417,-54.7383,76.32,88,80,1.88,BR,2022-04-28 00:28:34
286,Champerico,14.3,-91.9167,84.74,63,31,8.86,GT,2022-04-28 00:28:35
287,Marawi,7.9986,124.2928,75.22,80,89,1.41,PH,2022-04-28 00:28:35
288,Souillac,-20.5167,57.5167,70.18,94,20,5.75,MU,2022-04-28 00:28:35
289,Zhangye,38.9342,100.4517,50.9,36,7,6.22,CN,2022-04-28 00:28:36
290,Hervey Bay,-25.2986,152.8535,75.92,71,2,13.47,AU,2022-04-28 00:28:36
291,Ust-Tsilma,65.441,52.1498,17.92,92,23,4.94,RU,2022-04-28 00:28:36
292,Hualmay,-11.0964,-77.6139,66.88,87,81,8.75,PE,2022-04-28 00:28:37
293,Mamallapuram,12.6264,80.1722,83.05,83,13,11.27,IN,2022-04-28 00:28:37
294,Havoysund,70.9963,24.6622,25.03,60,100,20.58,NO,2022-04-28 00:28:38
295,Thinadhoo,0.5333,72.9333,83.93,73,95,7.67,MV,2022-04-28 00:28:38
296,Jining,35.405,116.5814,61.99,29,98,2.77,CN,2022-04-28 00:28:38
297,Andros Town,24.7,-77.7667,76.96,67,100,11.5,BS,2022-04-28 00:28:39
298,Husavik,66.0449,-17.3389,37.72,88,69,2.59,IS,2022-04-28 00:28:39
299,Sept-Iles,50.2001,-66.3821,39.72,62,75,11.5,CA,2022-04-28 00:25:18
300,Codrington,-38.2667,141.9667,67.17,72,100,11.77,AU,2022-04-28 00:28:39
301,Namatanai,-3.6667,152.4333,85.64,65,65,8.81,PG,2022-04-28 00:28:40
302,Olinda,-8.0089,-34.8553,82.13,69,40,9.22,BR,2022-04-28 00:28:07
303,Satuk,41.2263,32.3836,53.02,92,21,3.47,TR,2022-04-28 00:28:40
304,Harper,4.375,-7.7169,80.19,83,96,4.94,LR,2022-04-28 00:28:40
305,Dutse,11.7594,9.3392,88.68,14,100,8.97,NG,2022-04-28 00:28:41
306,Miyako,39.6367,141.9525,57.02,33,4,3.38,JP,2022-04-28 00:28:41
307,Anshun,26.25,105.9333,66.87,86,78,7.14,CN,2022-04-28 00:28:41
308,Kulhudhuffushi,6.6221,73.07,84.47,72,93,2.95,MV,2022-04-28 00:28:42
309,Athabasca,54.7169,-113.2854,41.41,97,100,9.08,CA,2022-04-28 00:28:42
310,Acapulco,16.8634,-99.8901,82.22,78,0,6.91,MX,2022-04-28 00:25:09
311,Grand Gaube,-20.0064,57.6608,73.38,85,7,5.06,MU,2022-04-28 00:28:43
312,Alyangula,-13.8483,136.4192,85.87,74,62,3.44,AU,2022-04-28 00:28:43
313,Palaikastron,35.2,26.25,63.95,65,0,9.44,GR,2022-04-28 00:28:43
314,Aras,42.5617,-2.356,50.43,94,75,5.75,ES,2022-04-28 00:28:44
315,Nador,35.174,-2.9287,59.25,88,40,3.44,MA,2022-04-28 00:28:44
316,Ewa Beach,21.3156,-158.0072,82.35,61,75,15.01,US,2022-04-28 00:28:44
317,Anloga,5.7947,0.8973,79.59,84,100,15.48,GH,2022-04-28 00:28:45
318,Ayagoz,47.9714,80.4392,43.97,51,7,5.57,KZ,2022-04-28 00:28:45
319,Asau,46.4333,26.4,51.96,100,100,1.72,RO,2022-04-28 00:28:45
320,Tura,25.5198,90.2201,69.73,85,0,3.44,IN,2022-04-28 00:28:46
321,Skelleftea,64.7507,20.9528,28.76,59,6,6.91,SE,2022-04-28 00:24:04
322,Talcahuano,-36.7167,-73.1167,49.68,87,0,1.14,CL,2022-04-28 00:28:46
323,Lorengau,-2.0226,147.2712,85.95,71,84,10.45,PG,2022-04-28 00:29:47
324,Verdun,49.25,5.3333,47.41,90,2,6.67,FR,2022-04-28 00:29:47
325,Disa,24.25,72.1667,78.3,68,1,4.72,IN,2022-04-28 00:29:48
326,Wiang Sa,8.6359,99.3666,79.39,88,93,2.62,TH,2022-04-28 00:29:48
327,Kilindoni,-7.9139,39.6668,80.69,80,95,17.43,TZ,2022-04-28 00:29:49
328,Ekhabi,53.5102,142.9671,28.35,92,100,28.92,RU,2022-04-28 00:29:49
329,Tabas,33.5959,56.9244,68.22,52,65,2.3,IR,2022-04-28 00:29:50
330,Sarangani,5.4033,125.4636,80.17,82,96,12.3,PH,2022-04-28 00:29:50
331,Omsukchan,62.5333,155.8,22.08,91,100,8.93,RU,2022-04-28 00:29:51
332,Nyurba,63.2842,118.3319,27.39,79,87,5.06,RU,2022-04-28 00:29:51
333,Kungurtug,50.5994,97.5228,31.66,66,51,1.03,RU,2022-04-28 00:29:55
334,Tsabong,-26.0217,22.401,65.39,29,31,15.35,BW,2022-04-28 00:29:55
335,Nhulunbuy,-12.2333,136.7667,86.61,70,40,8.05,AU,2022-04-28 00:25:18
336,Camacha,33.0833,-16.3333,58.42,77,20,8.05,PT,2022-04-28 00:29:56
337,Bathsheba,13.2167,-59.5167,75.81,94,75,13.8,BB,2022-04-28 00:29:56
338,Chemodanovka,53.2316,45.2474,46.54,81,73,8.61,RU,2022-04-28 00:29:56
339,Vestmanna,62.1564,-7.1664,41.92,87,100,5.75,FO,2022-04-28 00:29:57
340,Portland,45.5234,-122.6762,57.83,62,75,5.01,US,2022-04-28 00:29:57
341,Ambon,-3.6954,128.1814,82.54,89,20,4.61,ID,2022-04-28 00:29:57
342,Padang,-0.9492,100.3543,75.25,87,96,3.04,ID,2022-04-28 00:29:58
343,Tahoua,14.8888,5.2692,85.42,16,9,8.95,NE,2022-04-28 00:29:58
344,Potchefstroom,-26.7167,27.1,49.89,57,0,3.22,ZA,2022-04-28 00:29:58
345,Nome,64.5011,-165.4064,38.16,75,75,5.75,US,2022-04-28 00:29:59
346,Snezhnogorsk,69.1933,33.2531,26.38,83,100,22.44,RU,2022-04-28 00:29:59
347,Russell,32.3502,-85.1999,74.8,60,0,0.0,US,2022-04-28 00:29:59
348,Opuwo,-18.0607,13.84,70.18,39,17,1.1,NA,2022-04-28 00:30:00
349,Polewali,-3.4324,119.3435,81.37,73,93,0.38,ID,2022-04-28 00:30:00
350,Conceicao Do Araguaia,-8.2578,-49.2647,79.5,70,100,1.21,BR,2022-04-28 00:30:00
351,Chiredzi,-21.05,31.6667,62.96,80,100,5.64,ZW,2022-04-28 00:30:01
352,Vostok,46.4856,135.8833,40.15,51,2,14.38,RU,2022-04-28 00:30:02
353,Marquette,46.5333,-87.6335,30.83,57,0,2.21,US,2022-04-28 00:30:03
354,Constitucion,-35.3333,-72.4167,52.12,86,57,3.0,CL,2022-04-28 00:27:23
355,Sinnamary,5.3833,-52.95,78.6,87,100,7.76,GF,2022-04-28 00:30:03
356,Yara,20.2753,-76.9533,73.78,69,8,9.86,CU,2022-04-28 00:30:04
357,Merrill,45.1805,-89.6835,47.97,37,0,6.91,US,2022-04-28 00:30:05
358,Narsaq,60.9167,-46.05,43.02,84,100,4.72,GL,2022-04-28 00:30:05
359,Bose,45.4612,8.0137,58.21,82,9,4.25,IT,2022-04-28 00:30:06
360,Fairbanks,64.8378,-147.7164,53.56,32,40,4.61,US,2022-04-28 00:30:03
361,Kadarkut,46.2362,17.6201,46.17,88,100,8.61,HU,2022-04-28 00:30:06
362,Laukaa,58.7372,29.8453,27.37,80,18,1.25,RU,2022-04-28 00:30:07
363,Kieta,-6.2167,155.6333,86.32,64,24,5.61,PG,2022-04-28 00:30:07
364,Flinders,-34.5833,150.8552,70.38,85,21,10.0,AU,2022-04-28 00:30:08
365,Praia Da Vitoria,38.7333,-27.0667,63.75,100,75,23.2,PT,2022-04-28 00:30:08
366,Hongjiang,27.11,109.9956,76.8,86,98,1.36,CN,2022-04-28 00:30:09
367,Mponela,-13.5319,33.7401,59.47,96,100,7.05,MW,2022-04-28 00:30:09
368,Shar,49.5886,81.0453,51.04,48,0,3.2,KZ,2022-04-28 00:30:09
369,Umm Kaddadah,13.6017,26.6876,82.98,10,9,10.13,SD,2022-04-28 00:30:10
370,Vyazemskiy,47.5378,134.7525,47.71,41,5,13.69,RU,2022-04-28 00:31:10
371,Kayes,14.0,-11.0,89.87,18,0,7.45,ML,2022-04-28 00:31:11
372,Jalingo,8.8833,11.3667,76.91,77,100,3.29,NG,2022-04-28 00:31:11
373,Biak,-0.9131,122.8766,80.89,78,100,3.49,ID,2022-04-28 00:31:12
374,Ixtapa,20.7,-105.2,79.23,73,0,10.36,MX,2022-04-28 00:31:12
375,Zapolyarnyy,69.4154,30.8136,20.48,88,98,15.05,RU,2022-04-28 00:31:13
376,Brae,60.3964,-1.353,43.74,68,100,6.73,GB,2022-04-28 00:31:14
377,Alofi,-19.0595,-169.9187,80.49,74,75,18.41,NU,2022-04-28 00:31:14
378,Meulaboh,4.1363,96.1285,79.47,87,65,3.51,ID,2022-04-28 00:31:15
379,Andijon,40.7821,72.3442,52.88,56,5,6.38,UZ,2022-04-28 00:31:15
380,Samarai,-10.6167,150.6667,83.88,72,12,3.11,PG,2022-04-28 00:31:16
381,Iguape,-24.7081,-47.5553,72.64,86,1,3.51,BR,2022-04-28 00:31:16
382,Amahai,-3.3333,128.9167,81.79,79,100,2.77,ID,2022-04-28 00:31:16
383,Bonito,-21.1211,-56.4819,76.05,54,10,4.56,BR,2022-04-28 00:31:17
384,Lebowakgomo,-24.2,29.5,52.7,70,100,5.91,ZA,2022-04-28 00:31:17
385,Melfort,52.8667,-104.6177,42.93,61,50,17.56,CA,2022-04-28 00:31:18
386,Juneau,58.3019,-134.4197,45.21,93,100,3.44,US,2022-04-28 00:26:50
387,Solnechnyy,50.7214,136.6319,35.51,81,59,11.99,RU,2022-04-28 00:31:18
388,Beringovskiy,63.05,179.3167,31.98,99,100,6.13,RU,2022-04-28 00:31:19
389,Nouadhibou,20.931,-17.0347,64.9,81,0,23.2,MR,2022-04-28 00:31:19
390,Flin Flon,54.7682,-101.865,35.94,78,100,11.3,CA,2022-04-28 00:31:19
391,College,64.8569,-147.8028,53.55,32,40,4.61,US,2022-04-28 00:26:52
392,Sao Joao Da Barra,-21.6403,-41.0511,76.15,85,0,12.46,BR,2022-04-28 00:31:20
393,Fort-Shevchenko,44.5086,50.263,64.69,48,99,8.21,KZ,2022-04-28 00:31:20
394,Shatoy,42.8714,45.6886,57.13,75,25,5.37,RU,2022-04-28 00:31:21
395,Visnes,59.3556,5.2242,42.85,70,49,18.41,NO,2022-04-28 00:31:21
396,Faanui,-16.4833,-151.75,81.55,75,17,19.73,PF,2022-04-28 00:31:21
397,Kalabo,-14.97,22.6814,62.96,83,10,6.13,ZM,2022-04-28 00:31:22
398,Nushki,29.5542,66.0215,76.87,19,31,5.3,PK,2022-04-28 00:31:22
399,Maxixe,-23.8597,35.3472,67.08,78,31,7.99,MZ,2022-04-28 00:31:22
400,Berlevag,70.8578,29.0864,21.0,80,100,18.52,NO,2022-04-28 00:27:46
401,Vilyuysk,63.7553,121.6247,28.29,73,61,5.17,RU,2022-04-28 00:30:06
402,Ko Samui,9.5357,99.9357,84.11,84,20,3.44,TH,2022-04-28 00:31:23
403,Scottsboro,34.6723,-86.0341,68.09,42,0,5.75,US,2022-04-28 00:31:23
404,Ancud,-41.8697,-73.8203,46.02,76,43,11.25,CL,2022-04-28 00:31:24
405,Lunglei,22.8833,92.7333,74.8,49,30,2.24,IN,2022-04-28 00:31:24
406,Hamilton,39.1834,-84.5333,58.05,51,40,8.05,US,2022-04-28 00:30:13
407,Mount Isa,-20.7333,139.5,82.17,61,58,4.61,AU,2022-04-28 00:31:20
408,Santa Isabel Do Rio Negro,-0.4139,-65.0192,75.9,90,42,1.66,BR,2022-04-28 00:31:25
409,Beloha,-25.1667,45.05,66.13,75,92,7.18,MG,2022-04-28 00:31:25
410,Kandrian,-6.2167,149.55,83.95,73,100,3.0,PG,2022-04-28 00:31:26
411,San Policarpo,12.1791,125.5072,82.08,83,93,12.55,PH,2022-04-28 00:31:26
412,Petatlan,17.5167,-101.2667,85.8,64,0,4.79,MX,2022-04-28 00:31:26
413,Burnie,-41.0667,145.9167,63.66,89,93,10.67,AU,2022-04-28 00:31:27
414,Mezica,46.5214,14.8544,41.79,96,3,3.98,SI,2022-04-28 00:31:27
415,Mhlambanyatsi,-26.45,31.0167,44.1,93,0,3.4,SZ,2022-04-28 00:31:27
416,Kununurra,-15.7667,128.7333,84.18,65,99,0.0,AU,2022-04-28 00:31:28
417,Pathankot,32.2833,75.65,79.63,24,0,5.1,IN,2022-04-28 00:32:28
418,Linqiong,30.4159,103.4609,64.22,85,100,8.84,CN,2022-04-28 00:32:29
419,Margate,51.3813,1.3862,46.87,74,77,5.01,GB,2022-04-28 00:32:29
420,Turukhansk,65.8167,87.9833,32.88,98,100,15.08,RU,2022-04-28 00:32:29
421,Ampanihy,-24.7,44.75,62.78,78,12,6.17,MG,2022-04-28 00:32:30
422,Sambava,-14.2667,50.1667,72.7,89,27,3.04,MG,2022-04-28 00:32:30
423,Jalu,29.0331,21.5482,76.98,16,48,16.55,LY,2022-04-28 00:32:30
424,Port Hardy,50.6996,-127.4199,44.78,81,75,10.36,CA,2022-04-28 00:30:34
425,Miramar,25.9873,-80.2323,79.0,69,20,10.36,US,2022-04-28 00:32:31
426,Agirish,61.9247,63.0231,33.31,95,64,1.34,RU,2022-04-28 00:32:31
427,Itarema,-2.9248,-39.9167,76.96,88,96,8.21,BR,2022-04-28 00:32:32
428,Nicoya,10.1483,-85.452,81.52,73,94,7.31,CR,2022-04-28 00:32:32
429,Billings,45.7833,-108.5007,62.37,46,100,10.36,US,2022-04-28 00:27:46
430,Dese,11.1333,39.6333,53.69,75,61,2.93,ET,2022-04-28 00:32:32
431,Ukiah,39.1502,-123.2078,68.43,49,0,9.22,US,2022-04-28 00:30:03
432,Sabang,5.8933,95.3214,84.06,75,100,8.48,ID,2022-04-28 00:32:33
433,Nkowakowa,-23.8878,30.2871,58.59,82,84,1.01,ZA,2022-04-28 00:32:33
434,Xining,36.6167,101.7667,42.57,66,56,1.54,CN,2022-04-28 00:32:33
435,Chaiyaphum,15.75,102.0,88.81,51,42,4.99,TH,2022-04-28 00:30:50
436,Kaya,13.0917,-1.0844,87.87,17,14,5.86,BF,2022-04-28 00:32:34
437,Pelotas,-31.7719,-52.3425,62.85,98,68,1.99,BR,2022-04-28 00:29:58
438,Ostuni,40.7276,17.5764,60.58,76,6,16.46,IT,2022-04-28 00:32:34
439,Nantucket,41.2835,-70.0995,51.94,73,4,29.71,US,2022-04-28 00:32:35
440,Moose Factory,51.2585,-80.6094,33.8,37,0,6.91,CA,2022-04-28 00:32:30
441,Zainsk,55.3195,52.0694,54.59,91,100,13.8,RU,2022-04-28 00:32:35
442,Ripky,51.801,31.0838,38.1,79,8,5.79,UA,2022-04-28 00:32:36
443,Sangre Grande,10.5835,-61.1177,78.19,93,95,4.92,TT,2022-04-28 00:32:36
444,Sur,22.5667,59.5289,86.2,41,0,7.76,OM,2022-04-28 00:32:36
445,Takoradi,4.8845,-1.7554,78.96,85,100,7.0,GH,2022-04-28 00:32:37
446,Broome,42.2506,-75.833,36.37,71,100,9.22,US,2022-04-28 00:32:37
447,Dakar,14.6937,-17.4441,68.88,88,6,6.91,SN,2022-04-28 00:32:37
448,Ondjiva,-17.0667,15.7333,67.82,52,38,0.85,AO,2022-04-28 00:32:38
449,Roma,43.2128,-75.4557,37.96,73,100,16.11,US,2022-04-28 00:32:38
450,Daru,-9.0763,143.2092,82.89,78,51,8.68,PG,2022-04-28 00:32:38
451,Kyzyl-Suu,42.3414,78.0056,40.28,73,52,5.01,KG,2022-04-28 00:32:39
452,Chalisgaon,20.4667,75.0167,87.15,18,15,3.98,IN,2022-04-28 00:32:39
453,Medicine Hat,50.0501,-110.6683,59.43,20,40,12.66,CA,2022-04-28 00:32:40
454,Seymour,38.9592,-85.8903,59.94,78,15,6.58,US,2022-04-28 00:30:40
455,Ratnagiri,16.9833,73.3,81.37,75,12,3.11,IN,2022-04-28 00:32:40
456,Ibb,13.9667,44.1833,63.36,71,4,5.46,YE,2022-04-28 00:30:03
457,Baykalovo,57.3981,63.7684,53.55,85,81,12.21,RU,2022-04-28 00:32:40
458,Mezen,65.8522,44.24,13.35,90,12,6.17,RU,2022-04-28 00:31:30
459,Kazachinskoye,57.6953,93.2761,41.94,86,100,4.59,RU,2022-04-28 00:32:41
460,Murdochville,48.9583,-65.5006,34.68,98,100,3.04,CA,2022-04-28 00:32:41
461,Rocha,-34.4833,-54.3333,52.7,91,0,2.51,UY,2022-04-28 00:31:27
462,Hami,42.8,93.45,60.4,20,100,14.0,CN,2022-04-28 00:32:42
463,Onega,63.9061,38.1404,18.1,88,33,5.3,RU,2022-04-28 00:32:42
464,Luoyang,34.6836,112.4536,51.21,82,100,1.12,CN,2022-04-28 00:32:42
465,Puerto Ayacucho,5.6639,-67.6236,74.97,90,85,2.08,VE,2022-04-28 00:33:43
466,Maceio,-9.6658,-35.7353,78.24,83,75,3.44,BR,2022-04-28 00:33:43
467,Sistranda,63.7256,8.834,37.36,73,95,27.85,NO,2022-04-28 00:31:52
468,Abramovka,51.1886,41.0202,43.14,86,4,4.14,RU,2022-04-28 00:33:44
469,Aloleng,16.1307,119.7824,87.75,59,51,10.67,PH,2022-04-28 00:33:44
470,Laguna,38.421,-121.4238,77.05,31,0,13.8,US,2022-04-28 00:30:19
471,Shakawe,-18.3667,21.85,66.29,72,70,5.91,BW,2022-04-28 00:33:44
472,Otradnoye,59.7775,30.8181,32.04,78,19,3.89,RU,2022-04-28 00:33:45
473,Lake Cowichan,48.825,-124.0546,49.73,69,99,0.96,CA,2022-04-28 00:33:45
474,Faya,18.3851,42.4509,57.72,38,0,3.2,SA,2022-04-28 00:31:46
475,Kavieng,-2.5744,150.7967,86.04,65,99,12.59,PG,2022-04-28 00:33:46
476,Monster,52.0258,4.175,45.99,80,8,1.14,NL,2022-04-28 00:33:46
477,Palasa,18.7667,84.4167,81.48,82,63,9.95,IN,2022-04-28 00:33:46
478,Khandyga,62.6667,135.6,27.37,75,7,2.84,RU,2022-04-28 00:30:12
479,Ecoporanga,-18.3733,-40.8306,67.8,92,0,2.84,BR,2022-04-28 00:33:47
480,Santiago,-33.4569,-70.6483,57.85,73,75,5.75,CL,2022-04-28 00:30:14
481,Arrifes,37.7667,-25.7,65.23,94,75,17.27,PT,2022-04-28 00:33:47
482,Port Keats,-14.25,129.55,87.8,62,100,2.44,AU,2022-04-28 00:33:48
483,Oriximina,-1.7656,-55.8661,75.25,93,89,2.1,BR,2022-04-28 00:33:48
484,Dong Hoi,17.4833,106.6,82.24,83,6,5.57,VN,2022-04-28 00:33:48
485,Ziro,27.6333,93.8333,47.14,83,99,2.24,IN,2022-04-28 00:33:49
486,Biltine,14.5333,20.9167,85.42,43,48,16.58,TD,2022-04-28 00:33:49
487,Timra,62.487,17.3257,29.88,69,100,0.0,SE,2022-04-28 00:33:50
488,Nalut,30.3333,10.85,67.3,33,6,21.41,LY,2022-04-28 00:33:50
489,Mwinilunga,-11.7358,24.4293,61.5,83,49,8.37,ZM,2022-04-28 00:33:50
490,Beroroha,-21.6667,45.1667,66.18,76,0,6.51,MG,2022-04-28 00:33:51
491,Saint-Augustin,51.226,-58.6502,33.94,99,100,5.75,CA,2022-04-28 00:33:51
492,Haapiti,-17.5667,-149.8667,85.73,74,12,21.3,PF,2022-04-28 00:33:51
493,Belmonte,-15.8631,-38.8828,76.12,86,3,5.21,BR,2022-04-28 00:33:52
494,Bismarck,46.8083,-100.7837,47.64,58,0,17.27,US,2022-04-28 00:33:52
495,Challapata,-18.9,-66.7667,49.53,18,7,3.09,BO,2022-04-28 00:33:52
496,Carutapera,-1.195,-46.02,76.24,91,100,4.34,BR,2022-04-28 00:33:53
497,Apolda,51.0167,11.5,51.46,50,97,2.51,DE,2022-04-28 00:33:53
498,Lima,-12.0432,-77.0282,62.85,23,100,6.91,PE,2022-04-28 00:30:38
499,Kamina,-8.7386,24.9906,62.28,97,15,4.65,CD,2022-04-28 00:33:53
500,Gornopravdinsk,60.05,69.9,46.89,97,100,6.93,RU,2022-04-28 00:33:54
501,Peniche,39.3558,-9.3811,58.1,87,27,11.32,PT,2022-04-28 00:33:54
502,Pala,9.3642,14.9046,76.73,74,100,4.68,TD,2022-04-28 00:33:55
503,Pueblo Nuevo,23.3833,-105.3833,66.65,40,0,6.04,MX,2022-04-28 00:33:55
504,Te Anau,-45.4167,167.7167,56.16,67,6,0.58,NZ,2022-04-28 00:32:05
505,Marsa Matruh,31.3525,27.2453,59.2,88,0,2.3,EG,2022-04-28 00:33:55
506,Betsiamites,48.9413,-68.646,41.4,73,100,13.13,CA,2022-04-28 00:33:56
507,Puerto Penasco,31.3167,-113.5333,71.91,75,0,5.99,MX,2022-04-28 00:33:56
508,Oranjemund,-28.55,16.4333,57.0,81,0,2.42,NA,2022-04-28 00:33:56
509,Kedougou,12.5579,-12.1743,93.78,27,0,4.61,SN,2022-04-28 00:33:57
510,Payson,40.0444,-111.7321,72.03,15,95,5.01,US,2022-04-28 00:33:47
511,Corn Island,12.1694,-83.0418,81.61,75,100,18.97,NI,2022-04-28 00:34:57
512,Caravelas,-17.7125,-39.2481,74.57,89,0,4.83,BR,2022-04-28 00:34:58
513,Gilgit,35.9221,74.3087,66.0,51,56,2.24,PK,2022-04-28 00:34:58
514,Pavlodar,52.3,76.95,42.6,81,0,6.71,KZ,2022-04-28 00:34:58
515,Cedar City,37.6775,-113.0619,68.97,14,0,21.85,US,2022-04-28 00:34:59
516,Suraabad,40.8192,49.4687,58.75,77,3,5.91,AZ,2022-04-28 00:34:59
517,Mapimi,25.8167,-103.85,82.09,25,0,9.31,MX,2022-04-28 00:34:59
518,Ishigaki,24.3448,124.1572,84.33,79,20,14.97,JP,2022-04-28 00:35:00
519,Comodoro Rivadavia,-45.8667,-67.5,44.46,45,40,12.66,AR,2022-04-28 00:33:50
520,Tiznit,29.5833,-9.5,58.53,79,0,5.3,MA,2022-04-28 00:35:00
521,Sfantu Gheorghe,45.8667,25.7833,47.93,95,92,5.61,RO,2022-04-28 00:35:01
522,Chicama,-7.8447,-79.1469,63.14,79,97,5.91,PE,2022-04-28 00:35:01
523,Bonthe,7.5264,-12.505,80.2,83,99,4.99,SL,2022-04-28 00:35:01
524,Ilulissat,69.2167,-51.1,32.02,80,100,9.22,GL,2022-04-28 00:35:02
525,Kuusamo,65.9667,29.1833,19.44,79,0,4.61,FI,2022-04-28 00:35:02
526,Jepara,-5.1695,105.7044,72.52,94,100,7.61,ID,2022-04-28 00:35:02
527,Zhigalovo,54.8097,105.1578,36.73,60,13,7.83,RU,2022-04-28 00:35:03
528,Palmer,42.1584,-72.3287,45.66,48,40,18.41,US,2022-04-28 00:34:25
529,Muravlenko,63.7898,74.523,31.53,100,100,8.77,RU,2022-04-28 00:35:03
530,Caraz,-9.0486,-77.81,62.38,87,100,0.76,PE,2022-04-28 00:35:04
531,Hue,16.4667,107.6,82.51,78,20,2.3,VN,2022-04-28 00:35:04
532,Sangar,63.9242,127.4739,22.03,88,100,5.68,RU,2022-04-28 00:35:04
533,Strezhevoy,60.7333,77.5889,42.33,97,100,7.31,RU,2022-04-28 00:35:05
534,Santa Cruz De Tenerife,28.4682,-16.2546,63.63,86,75,10.36,ES,2022-04-28 00:35:05
535,Atambua,-9.1061,124.8925,81.3,68,21,0.65,ID,2022-04-28 00:35:06
536,Siderno,38.2779,16.302,63.34,52,23,5.59,IT,2022-04-28 00:35:06
537,Mimongo,-1.6195,11.6068,69.19,94,92,1.52,GA,2022-04-28 00:35:06
538,Kichmengskiy Gorodok,59.9816,45.7854,23.68,75,24,9.37,RU,2022-04-28 00:35:07
539,Zhenlai,45.8495,123.2973,53.8,18,0,8.7,CN,2022-04-28 00:35:07
540,Northam,51.0333,-4.2167,46.38,71,100,11.43,GB,2022-04-28 00:31:41
541,Bukachacha,52.9833,116.9167,41.5,25,100,9.86,RU,2022-04-28 00:35:08
542,Phan Thiet,10.9333,108.1,83.46,76,98,7.72,VN,2022-04-28 00:32:54
543,Poronaysk,49.2167,143.1167,34.34,76,100,28.23,RU,2022-04-28 00:35:08
544,Ulladulla,-35.35,150.4667,67.1,66,15,6.53,AU,2022-04-28 00:35:09
545,Okhotsk,59.3833,143.3,31.69,57,100,18.54,RU,2022-04-28 00:35:09
546,Kumla,59.1277,15.1434,33.75,75,15,8.05,SE,2022-04-28 00:35:10
547,Oktyabrskoye,43.0645,44.7417,50.14,87,16,2.24,RU,2022-04-28 00:35:10
548,Kalemie,-5.9475,29.1947,67.46,94,54,2.35,CD,2022-04-28 00:35:10
549,Khotyn,48.4833,26.5,50.74,75,100,2.51,UA,2022-04-28 00:35:11
550,Actopan,20.2667,-98.9333,61.07,68,9,9.35,MX,2022-04-28 00:35:11
551,Tripoli,32.8752,13.1875,64.92,69,38,16.2,LY,2022-04-28 00:35:11
552,Kashi,39.4547,75.9797,58.21,17,0,6.71,CN,2022-04-28 00:35:12
553,Neuquen,-38.9516,-68.0591,49.89,37,0,18.41,AR,2022-04-28 00:30:48
554,Tunceli,39.1083,39.5471,59.38,78,100,2.3,TR,2022-04-28 00:35:12
555,Yeppoon,-23.1333,150.7333,78.58,65,8,14.94,AU,2022-04-28 00:35:13
556,Slave Lake,55.2834,-114.769,35.58,93,100,3.44,CA,2022-04-28 00:36:13
557,Road Town,18.4167,-64.6167,75.29,60,40,6.91,VG,2022-04-28 00:32:18
558,Phalaborwa,-23.943,31.1411,61.88,89,0,2.86,ZA,2022-04-28 00:36:14
559,Port Shepstone,-30.7414,30.455,60.8,82,0,8.7,ZA,2022-04-28 00:36:14
560,Miri,4.4148,114.0089,78.94,89,20,3.44,MY,2022-04-28 00:36:14
561,Wanaka,-44.7,169.15,58.66,57,10,1.54,NZ,2022-04-28 00:35:23
562,Kapit,2.0167,112.9333,81.61,74,92,1.36,MY,2022-04-28 00:36:15
563,Athenree,-37.4667,175.9167,65.73,66,5,3.0,NZ,2022-04-28 00:31:19
564,Houston,29.7633,-95.3633,79.36,58,0,11.5,US,2022-04-28 00:33:07
565,Planadas,3.197,-75.6451,73.83,94,96,3.47,CO,2022-04-28 00:36:16
566,Lata,40.1629,-8.3327,57.81,98,23,1.86,PT,2022-04-28 00:33:18
567,Sisimiut,66.9395,-53.6735,23.5,95,100,8.63,GL,2022-04-28 00:36:16
568,Horodkivka,49.9068,28.9847,42.91,80,58,5.44,UA,2022-04-28 00:36:17
569,Antalaha,-14.9003,50.2788,72.36,91,9,2.8,MG,2022-04-28 00:36:17
570,Yuksekova,37.5736,44.2872,44.35,100,75,0.0,TR,2022-04-28 00:36:17
571,Hearst,49.6835,-83.6665,37.65,93,20,2.68,CA,2022-04-28 00:36:18
572,Seoul,37.5683,126.9778,63.97,45,0,5.75,KR,2022-04-28 00:33:24
573,Washougal,45.5826,-122.3534,57.15,66,40,6.91,US,2022-04-28 00:36:18
574,Bhilai,21.2167,81.4333,80.73,14,4,4.63,IN,2022-04-28 00:32:37
575,Tahta,26.7693,31.5021,75.24,20,0,5.59,EG,2022-04-28 00:36:19
576,Rantepao,-2.9701,119.8978,78.48,67,83,1.97,ID,2022-04-28 00:36:19
577,Lobito,-12.3481,13.5456,75.78,83,11,3.06,AO,2022-04-28 00:36:19
578,Chivay,-15.6383,-71.6011,50.34,44,69,4.07,PE,2022-04-28 00:36:20
579,Colares,38.7992,-9.4469,58.28,75,20,15.01,PT,2022-04-28 00:36:20
580,Kodinsk,58.6881,99.1844,37.0,76,100,3.87,RU,2022-04-28 00:36:21
581,Coahuayana,18.7333,-103.6833,79.56,61,0,3.96,MX,2022-04-28 00:36:21
582,Kalangala,-0.3089,32.225,69.66,76,99,5.35,UG,2022-04-28 00:36:21
583,Chalinze,-6.6378,38.354,69.98,98,100,4.0,TZ,2022-04-28 00:36:22
584,Berani,25.785,68.8069,83.26,44,30,11.41,PK,2022-04-28 00:36:22
585,Pangkalanbuun,-2.6833,111.6167,83.86,73,16,0.47,ID,2022-04-28 00:36:22
586,Atkinson,42.8384,-71.147,47.19,61,100,19.57,US,2022-04-28 00:36:23
587,Gimli,50.6336,-96.9907,33.82,64,100,6.91,CA,2022-04-28 00:35:06
588,Asyut,27.181,31.1837,75.38,22,0,5.61,EG,2022-04-28 00:36:23
589,Caraballeda,10.6112,-66.8522,81.37,86,99,6.58,VE,2022-04-28 00:36:24
590,Itoman,26.1247,127.6694,81.37,86,75,11.5,JP,2022-04-28 00:36:24
591,Markova,48.6758,24.4138,45.61,94,100,1.01,UA,2022-04-28 00:36:24
592,Corinto,37.9407,22.9573,58.41,64,0,1.34,GR,2022-04-28 00:36:25
593,Nyazepetrovsk,56.0531,59.6028,56.19,71,100,13.09,RU,2022-04-28 00:36:25
594,Mudkhed,19.1667,77.5167,89.37,21,37,1.03,IN,2022-04-28 00:36:25
595,Huilong,31.8111,121.655,60.93,86,100,11.39,CN,2022-04-28 00:36:26
596,Talnakh,69.4865,88.3972,33.21,99,100,11.54,RU,2022-04-28 00:33:14
597,Waipawa,-41.4122,175.5153,54.72,63,54,4.97,NZ,2022-04-28 00:36:26
598,Abu Dhabi,24.4667,54.3667,82.51,64,20,2.3,AE,2022-04-28 00:35:58
599,Cap Malheureux,-19.9842,57.6142,72.46,85,4,5.01,MU,2022-04-28 00:36:27
600,Upata,8.0086,-62.3989,71.19,92,82,1.32,VE,2022-04-28 00:36:27
601,Khambhaliya,22.2072,69.6683,78.94,79,5,8.46,IN,2022-04-28 00:36:27
602,Asekeyevo,53.5742,52.7972,57.9,87,100,14.72,RU,2022-04-28 00:36:28
603,Kuliyapitiya,7.4688,80.0401,77.13,92,8,2.71,LK,2022-04-28 00:36:28
604,Netanya,32.3329,34.8599,62.62,78,0,3.27,IL,2022-04-28 00:37:28
605,Urumqi,43.801,87.6005,50.95,62,0,4.47,CN,2022-04-28 00:37:29
606,Camaguey,21.3808,-77.9169,75.54,73,20,14.97,CU,2022-04-28 00:37:29
607,Asuncion,-25.3007,-57.6359,85.89,62,20,13.8,PY,2022-04-28 00:37:29
608,Pimentel,-6.8367,-79.9342,67.03,84,46,12.01,PE,2022-04-28 00:37:30
609,Rundu,-17.9333,19.7667,64.36,61,7,4.21,NA,2022-04-28 00:37:30
610,Komsomolskiy,40.4272,71.7189,56.12,76,23,4.61,UZ,2022-04-28 00:37:30
611,Bestobe,52.4994,73.0975,53.98,54,63,11.56,KZ,2022-04-28 00:37:31
612,Ginir,7.1333,40.7,58.73,86,100,4.0,ET,2022-04-28 00:37:31
613,Koulikoro,14.0,-7.75,81.3,21,0,8.08,ML,2022-04-28 00:37:31
614,Cockburn Town,21.4612,-71.1419,75.38,62,2,15.3,TC,2022-04-28 00:37:32
615,Muswellbrook,-32.2667,150.9,67.33,89,99,0.09,AU,2022-04-28 00:37:32
616,Zhumadian,32.9794,114.0294,57.51,52,100,11.23,CN,2022-04-28 00:37:32
617,Ola,59.5833,151.2833,35.15,58,98,19.77,RU,2022-04-28 00:37:33
618,Richards Bay,-28.783,32.0377,61.16,87,30,5.59,ZA,2022-04-28 00:37:33
619,Nemuro,43.3236,145.575,44.35,55,32,15.55,JP,2022-04-28 00:37:33
620,Ranir Bazar,23.8333,91.3667,80.51,94,40,0.0,IN,2022-04-28 00:37:34
621,Coquimbo,-29.9533,-71.3436,58.73,82,0,3.44,CL,2022-04-28 00:33:04
622,Vanimo,-2.6741,141.3028,86.29,64,100,5.61,PG,2022-04-28 00:37:34
623,Rodrigues Alves,-7.738,-72.6509,74.79,94,88,2.59,BR,2022-04-28 00:37:35
624,Qandala,11.472,49.8728,82.36,69,10,6.31,SO,2022-04-28 00:37:35
625,Mangawan,24.6833,81.55,88.02,15,0,3.56,IN,2022-04-28 00:37:35
626,Moerai,-22.4333,-151.3333,79.88,77,11,14.63,PF,2022-04-28 00:37:36
627,Bubaque,11.2833,-15.8333,76.91,77,46,9.06,GW,2022-04-28 00:37:36
628,Hay River,60.8156,-115.7999,39.18,65,75,10.36,CA,2022-04-28 00:37:37
629,Cacu,-18.5567,-51.1308,73.81,54,65,2.77,BR,2022-04-28 00:37:37
630,Buraydah,26.326,43.975,68.45,62,100,12.37,SA,2022-04-28 00:37:37
631,Novopokrovka,49.8425,36.5477,45.52,84,3,5.28,UA,2022-04-28 00:37:38
632,Bintulu,3.1667,113.0333,79.21,94,20,1.14,MY,2022-04-28 00:37:38
633,Campo Maior,-4.8278,-42.1686,74.62,88,100,0.92,BR,2022-04-28 00:34:33
634,Mandalgovi,45.7625,106.2708,45.39,27,17,7.94,MN,2022-04-28 00:37:38
635,Lumphat,13.4878,106.9816,85.55,65,100,4.9,KH,2022-04-28 00:37:39
636,Zelenoborskiy,66.845,32.3622,24.03,79,100,11.23,RU,2022-04-28 00:37:39
637,Vila Velha,-20.3297,-40.2925,76.95,88,20,4.61,BR,2022-04-28 00:36:35
638,Hai Duong,20.9333,106.3167,78.8,90,100,8.68,VN,2022-04-28 00:35:06
639,Sassandra,4.95,-6.0833,78.22,89,100,5.06,CI,2022-04-28 00:37:40
640,Lasa,46.6166,10.7002,47.28,74,0,2.59,IT,2022-04-28 00:37:40
641,Hurghada,27.2574,33.8129,77.04,36,0,9.22,EG,2022-04-28 00:35:28
642,Zeya,53.75,127.2667,45.57,26,0,6.55,RU,2022-04-28 00:37:41
643,Tilichiki,60.4667,166.1,33.19,100,100,8.57,RU,2022-04-28 00:33:14
644,Marsh Harbour,26.5412,-77.0636,74.14,71,100,6.29,BS,2022-04-28 00:37:41
645,Karratha,-20.7377,116.8463,77.14,48,100,4.14,AU,2022-04-28 00:37:42
646,Fayaoue,-20.65,166.5333,78.17,69,100,24.47,NC,2022-04-28 00:37:42
647,Dicabisagan,17.0818,122.4157,84.9,70,7,4.29,PH,2022-04-28 00:37:42
648,Gouyave,12.1646,-61.7296,77.77,83,40,0.0,GD,2022-04-28 00:37:43
649,Kargasok,59.0556,80.8572,47.35,73,100,14.07,RU,2022-04-28 00:37:43
650,Krasnoselkup,65.7,82.4667,33.66,100,100,6.26,RU,2022-04-28 00:38:43
651,Hammerfest,70.6634,23.6821,23.45,80,100,10.36,NO,2022-04-28 00:38:44
652,Magdagachi,53.45,125.8,45.01,24,63,7.56,RU,2022-04-28 00:38:44
653,Angoche,-16.2325,39.9086,76.51,72,98,17.0,MZ,2022-04-28 00:38:44
654,Havre-Saint-Pierre,50.2334,-63.5986,35.96,93,100,2.3,CA,2022-04-28 00:38:45
655,Le Moule,16.3332,-61.3473,79.18,100,93,1.99,GP,2022-04-28 00:38:45
656,Saint Anthony,45.0205,-93.218,49.62,41,0,13.8,US,2022-04-28 00:38:45
657,Tobol,52.6844,62.5794,55.49,54,89,10.92,KZ,2022-04-28 00:38:46
658,Nenjiang,49.1833,125.2167,46.06,32,0,8.1,CN,2022-04-28 00:38:46
659,Muisne,0.6,-80.0333,77.77,85,97,6.91,EC,2022-04-28 00:38:46
660,Lubao,14.9167,120.55,83.91,59,100,11.59,PH,2022-04-28 00:38:47
661,Sao Bento,-6.2833,-37.75,71.58,82,100,3.85,BR,2022-04-28 00:38:47
662,Divnomorskoye,44.5011,38.1353,53.74,80,100,4.85,RU,2022-04-28 00:38:47
663,Tari,12.4086,4.4914,88.02,28,100,7.96,NG,2022-04-28 00:38:48
664,Wencheng,33.0559,113.7978,57.52,53,100,13.22,CN,2022-04-28 00:38:48
665,Great Yarmouth,52.6083,1.7305,47.41,74,42,11.16,GB,2022-04-28 00:38:49
666,Stornoway,58.2093,-6.3865,33.76,93,30,1.14,GB,2022-04-28 00:38:49
667,Canyon,34.9803,-101.9188,81.45,42,6,19.53,US,2022-04-28 00:38:49
668,Bandarbeyla,9.4942,50.8122,81.1,79,98,4.16,SO,2022-04-28 00:38:50
669,Clarksburg,39.2807,-80.3445,50.45,34,0,11.5,US,2022-04-28 00:34:31
670,Ryotsu,38.0833,138.4333,54.14,48,15,8.43,JP,2022-04-28 00:38:50
671,Vestmannaeyjar,63.4427,-20.2734,46.53,79,100,2.82,IS,2022-04-28 00:38:50
672,Gigmoto,13.7796,124.39,83.39,80,100,10.2,PH,2022-04-28 00:38:51
673,Nishihara,26.1842,127.7558,80.65,83,75,11.5,JP,2022-04-28 00:38:51
674,Kolokani,13.5728,-8.0339,82.24,21,3,8.37,ML,2022-04-28 00:38:51
675,Hvide Sande,56.0045,8.1294,39.09,70,12,14.43,DK,2022-04-28 00:38:52
